"title","body","rating","review_date","source","curated","reviewer_name","reviewer_email","product_id","product_handle","reply","reply_date","picture_urls","ip_address","location","metaobject_handle"
"","I loved the campfire effect is very cozy and more in the evening. Easy to use. I recommend it widely.","5","2024-12-17 00:00:00 UTC","aliexpress","ok","Mara Stehr","support+anonymous@judge.me","7884596936773","mini-flame-mist-maker","","","https://ae01.alicdn.com/kf/A73501aa87ef14304b7f16ce55e54f6c3I.jpg","","","review-6c6d2b8c-09a1-4e7b-84c4-96e747d01774"
"","Satisfied, I love it. This fire display looks cozy and elegant, adding warmth and ambiance to the space. The glowing embers and logs create a relaxing atmosphere, perfect for unwinding. It complements the modern decor beautifully!","5","2024-12-31 00:00:00 UTC","aliexpress","ok","Claudette Brekke","support+anonymous@judge.me","7884596936773","mini-flame-mist-maker","","","https://ae01.alicdn.com/kf/Aedf28f761f3d49a7b739994930efd4716.jpg","","","review-b4f7d7a0-44e0-452a-b832-b9efe2da147f"
"","This diffuser exceeded my expectations. I love. It works great and delivery time was perfect. I recommend the product.","5","2025-01-20 00:00:00 UTC","aliexpress","ok","Kimber Moore","support+anonymous@judge.me","7884596936773","mini-flame-mist-maker","","","https://ae01.alicdn.com/kf/Ab3f97b2141ee46689b857e1cdd942325L.jpg, https://ae01.alicdn.com/kf/Adb150d78bcde4222b68e44f8ea9a1dccE.jpg, https://ae01.alicdn.com/kf/A4e1107062a1945d2809c9727a9e41416a.jpg, https://ae01.alicdn.com/kf/A23154f4844cb419fb280ce09524774e65.jpg, https://ae01.alicdn.com/kf/A683f56264fd948839b3c8965cdc130b9i.jpg","","","review-8d7e1023-8be3-4eb1-806c-ded920f29f60"
"","I gave it as a gift and they absolutely loved it. it was securely wrapped in bubble wrap so there was no damage at all. It looks like the pictures.","5","2024-12-29 00:00:00 UTC","aliexpress","ok","Brenton Toy","support+anonymous@judge.me","7884596936773","mini-flame-mist-maker","","","","","","review-4ee77d56-a34a-4eb2-8ecf-782e0ba974df"
"","Perfect","5","2025-04-18 00:00:00 UTC","aliexpress","ok","Ike Mante","support+anonymous@judge.me","7884596936773","mini-flame-mist-maker","","","","","","review-24c56b45-623d-4a6e-a8f7-e68549cfd392"
"","Good product, it is worth buying. Is relaxing and fun.
It really seems, like aromatherapy is also good","5","2025-01-10 00:00:00 UTC","aliexpress","ok","Jacques Fritsch","support+anonymous@judge.me","7884596936773","mini-flame-mist-maker","","","","","","review-2fbfd95d-18e3-4f53-aafa-967a6aa23617"
"","its a vibe","4","2025-02-07 00:00:00 UTC","aliexpress","ok","Mohammed Larson","support+anonymous@judge.me","7884596936773","mini-flame-mist-maker","","","","","","review-c1a7bd68-5b82-43bb-b5f3-83c7ba7b1658"
"","Was so worth it i highly recommend this product","5","2025-11-23 00:00:00 UTC","aliexpress","ok","Tyson Dicki","support+anonymous@judge.me","7884596936773","mini-flame-mist-maker","","","","","","review-34f3fb5f-b8af-48f0-b361-82c03aba0b72"
"","Beautiful! It arrived exactly on the promised date üôåüèΩ   Excellent seller! It's the second time I buy","5","2025-05-06 00:00:00 UTC","aliexpress","ok","Jesse Heidenreich","support+anonymous@judge.me","7884596936773","mini-flame-mist-maker","","","https://ae01.alicdn.com/kf/A44a4518877df486bbf34b3eb528dfcb8D.jpg, https://ae01.alicdn.com/kf/A69ad97133c17430099c507dbe9a938baB.jpg","","","review-cfee5ed2-68cc-47bb-8357-87486721cf89"
"","Came quickly. Package not damaged. Overall satisfied.","4","2025-06-03 00:00:00 UTC","aliexpress","ok","Maritza Aufderhar","support+anonymous@judge.me","7884596936773","mini-flame-mist-maker","","","","","","review-fcab5c20-873c-48f0-af9f-5d48306f0e78"
"","Absolutely gorgeous ‚ù£Ô∏è   Works perfectly and makes the room smell so pleasant and inviting üëåüèΩ üôèüèº","5","2025-07-02 00:00:00 UTC","aliexpress","ok","Kathey Hamill","support+anonymous@judge.me","7884596936773","mini-flame-mist-maker","","","https://ae01.alicdn.com/kf/A59b52e5a28d3408694f51facf598c9fau.jpg, https://ae01.alicdn.com/kf/A6d6235dbdc9d43a2896149753536de99f.jpg, https://ae01.alicdn.com/kf/A1c5268584fc54f59a764b859fcb3e200K.jpg, https://ae01.alicdn.com/kf/A6d3297fdb8d0409baa4a478885c0270cd.jpg, https://ae01.alicdn.com/kf/Ab8326e0c7305420a8dfdb8356d7cad00Z.jpg","","","review-d49de634-bea3-4083-8273-5b0d00265a8c"
"","Haven‚Äôt used it yet but love the looks of it","5","2025-11-13 00:00:00 UTC","aliexpress","ok","Natasha Turcotte","support+anonymous@judge.me","7884596936773","mini-flame-mist-maker","","","","","","review-ce4a5897-9e74-478d-8c0c-b760c0e0fb33"
"","This is exellent very relaxing well worth the money","5","2025-10-25 00:00:00 UTC","aliexpress","ok","Laurel Zemlak","support+anonymous@judge.me","7884596936773","mini-flame-mist-maker","","","","","","review-4308a65a-6b61-4ee3-9f82-01ea8eb768bc"
"","Super deal really nice decoration element.","5","2025-11-20 00:00:00 UTC","aliexpress","ok","Jesusa Legros","support+anonymous@judge.me","7884596936773","mini-flame-mist-maker","","","","","","review-cc681928-ca0a-4999-b5ee-47b3db66ef6d"
"","better than I expected. the image is a perfect screen this mist coming out the top is very very nice.","5","2025-01-02 00:00:00 UTC","aliexpress","ok","Virgilio Hodkiewicz","support+anonymous@judge.me","7884596936773","mini-flame-mist-maker","","","","","","review-7b68bd50-6373-49de-81ee-22a53c850fb9"
"","It works perfectly, although it came broken on the inside part, it still functions, the humidifier produces very little mist.","3","2025-02-13 00:00:00 UTC","aliexpress","ok","Lon Welch","support+anonymous@judge.me","7886104133701","anti-gravity‚Ñ¢-levitating-water-clock","","","https://ae01.alicdn.com/kf/A8a429c85b37f4128a1fae45df762069cw.jpg, https://ae01.alicdn.com/kf/Ab4d4d5ab9c684fd2a2ca3cdce31b5b3dw.jpg, https://ae01.alicdn.com/kf/A6f11da2ae2534c698c374a98464b07b6o.jpg","","","review-6c65381f-f5d0-4bb7-8731-a011f163ecbf"
"","Not as expected product came with scratches and the water doesn‚Äôt spread good. The surface where the device is placed becomes to wet. Also the device is not wireless so can‚Äôt be placed wherever you like","1","2025-03-01 00:00:00 UTC","aliexpress","ok","Shanita Beer","support+anonymous@judge.me","7886104133701","anti-gravity‚Ñ¢-levitating-water-clock","","","","","","review-e60e96bb-4d00-4000-80cf-115d7465640f"
"","I return it because it is not humidity.","2","2025-01-10 00:00:00 UTC","aliexpress","ok","Gertrudis Prosacco","support+anonymous@judge.me","7886104133701","anti-gravity‚Ñ¢-levitating-water-clock","","","","","","review-74e73bc8-d666-4ad6-811c-e1b28c512ead"
"","I highly recommend it.","5","2025-05-09 00:00:00 UTC","aliexpress","ok","Octavio Durgan","support+anonymous@judge.me","7886104133701","anti-gravity‚Ñ¢-levitating-water-clock","","","","","","review-ef58fc6e-f464-45f6-b376-8ba6f43b1d22"
"","My daughter. Everything was suspended by the hour. Pratsyu.","5","2025-01-25 00:00:00 UTC","aliexpress","ok","Rico Schiller","support+anonymous@judge.me","7886104133701","anti-gravity‚Ñ¢-levitating-water-clock","","","","","","review-153138db-fb2a-47fc-b87a-b047a33eaaf0"
"","Very fast delivery and i got a fresh product.","5","2025-11-21 00:00:00 UTC","aliexpress","ok","Violeta Walsh","support+anonymous@judge.me","7886104133701","anti-gravity‚Ñ¢-levitating-water-clock","","","","","","review-2715038b-a051-44d9-b947-4d064c71196f"
"","Beautiful product, works well, bad, cable is short for use. But all the rest I recommend","5","2025-01-26 00:00:00 UTC","aliexpress","ok","Hershel Lebsack","support+anonymous@judge.me","7886104133701","anti-gravity‚Ñ¢-levitating-water-clock","","","https://ae01.alicdn.com/kf/A98a59fce597a4214843d2ae201390cd9s.jpg, https://ae01.alicdn.com/kf/Aaebd6ae1872741e9a0e07c932b2ee5e7q.jpg","","","review-aa028118-f03a-4110-becb-40c867547bdc"
"","It is very useful and of very good quality, it feels heavy and durable, and I will definitely buy it again.","5","2025-05-06 00:00:00 UTC","aliexpress","ok","Virgen Orn","support+anonymous@judge.me","7886104133701","anti-gravity‚Ñ¢-levitating-water-clock","","","https://ae01.alicdn.com/kf/Ac0b2599efeba442c88cf6faf4452f2ffl.jpg, https://ae01.alicdn.com/kf/Ad275b98736a844f7a1ec0dabcc2afaa65.jpg, https://ae01.alicdn.com/kf/Ab85471af415c4006bed93948c5513db2x.jpg, https://ae01.alicdn.com/kf/Ab0a74b5037be4486b97465670c5cf2e6r.jpg, https://ae01.alicdn.com/kf/Aee844233f0d04d56a08827bd60aaf263e.jpg","","","review-8c7d3528-1ec0-495a-8a4d-ed7f623be25d"
"","I ordered it for myself. The delivery was alright. The products are all as described. Highly recommend.","5","2024-12-16 00:00:00 UTC","aliexpress","ok","Adolph Greenfelder","support+anonymous@judge.me","7886104133701","anti-gravity‚Ñ¢-levitating-water-clock","","","https://ae01.alicdn.com/kf/A61c97c9ae7ad4b3b93f337e9d545bb13S.jpg","","","review-aac429a6-e6a3-4bc4-97c0-e91058839e29"
"","I love it","5","2025-11-03 00:00:00 UTC","aliexpress","ok","Elvin Jaskolski","support+anonymous@judge.me","7886192803909","jellyfish-mood-lamp-led-jellyfish-night-light-portable-jellyfish-lamp-jellyfish-decorations-smart-table-lamp-for-bedside-desk","","","https://ae01.alicdn.com/kf/A7734e18326b74cd38534e08fc6da3a6al.jpg, https://ae01.alicdn.com/kf/A9ed6be425bf942a6a441978bb0a30e3aK.jpg","","","review-83adaecd-ab93-48b8-9b54-0c9469a50b17"
"","Perfect as described","5","2025-07-05 00:00:00 UTC","aliexpress","ok","Rory Shields","support+anonymous@judge.me","7886192803909","jellyfish-mood-lamp-led-jellyfish-night-light-portable-jellyfish-lamp-jellyfish-decorations-smart-table-lamp-for-bedside-desk","","","","","","review-4308c601-1608-4d97-8396-563b98bcb685"
"","Cool","4","2025-09-03 00:00:00 UTC","aliexpress","ok","Jospeh Lockman","support+anonymous@judge.me","7886192803909","jellyfish-mood-lamp-led-jellyfish-night-light-portable-jellyfish-lamp-jellyfish-decorations-smart-table-lamp-for-bedside-desk","","","","","","review-efe34c18-cf89-4b07-90ef-54cbb566d3b0"
"","Great product, much higher quality than the other jellyfish lamps.","5","2025-08-18 00:00:00 UTC","aliexpress","ok","Christian Bernhard","support+anonymous@judge.me","7886192803909","jellyfish-mood-lamp-led-jellyfish-night-light-portable-jellyfish-lamp-jellyfish-decorations-smart-table-lamp-for-bedside-desk","","","","","","review-4baf9262-dcab-4b87-bf43-03afac9a6d07"
"","Arrived very fast! Kids loving it","5","2025-03-07 00:00:00 UTC","aliexpress","ok","Floyd Thiel","support+anonymous@judge.me","7886192803909","jellyfish-mood-lamp-led-jellyfish-night-light-portable-jellyfish-lamp-jellyfish-decorations-smart-table-lamp-for-bedside-desk","","","","","","review-693715a8-c4c2-4f21-b32a-5b16e97fc2aa"
"","Pretty small, but I didn‚Äôt mind the noise at all. Pretty cool for the price","5","2024-12-30 00:00:00 UTC","aliexpress","ok","Arica Kassulke","support+anonymous@judge.me","7886192803909","jellyfish-mood-lamp-led-jellyfish-night-light-portable-jellyfish-lamp-jellyfish-decorations-smart-table-lamp-for-bedside-desk","","","","","","review-038d8ecc-18b4-4bac-aab0-9b66e0d32126"
"","Amazing üòç","5","2025-03-13 00:00:00 UTC","aliexpress","ok","Nelida Jacobson","support+anonymous@judge.me","7886192803909","jellyfish-mood-lamp-led-jellyfish-night-light-portable-jellyfish-lamp-jellyfish-decorations-smart-table-lamp-for-bedside-desk","","","","","","review-220cda02-96a9-4351-b96b-aae86b0b051c"
"","The plus beautiful jellyness ever received.","5","2025-01-12 00:00:00 UTC","aliexpress","ok","Bethanie Trantow","support+anonymous@judge.me","7886192803909","jellyfish-mood-lamp-led-jellyfish-night-light-portable-jellyfish-lamp-jellyfish-decorations-smart-table-lamp-for-bedside-desk","","","","","","review-1ec6d2e6-e8e6-4b86-82e1-febf02bca881"
"","Very cute, i was hesitant to get it but i love it. It does have this little noise to it when it moves tho","4","2025-04-20 00:00:00 UTC","aliexpress","ok","Theodore Erdman","support+anonymous@judge.me","7886192803909","jellyfish-mood-lamp-led-jellyfish-night-light-portable-jellyfish-lamp-jellyfish-decorations-smart-table-lamp-for-bedside-desk","","","","","","review-5d8d114d-c760-44aa-bb24-50ee820ccb4d"
"","Very good","5","2024-12-25 00:00:00 UTC","aliexpress","ok","Alden Tromp","support+anonymous@judge.me","7886192803909","jellyfish-mood-lamp-led-jellyfish-night-light-portable-jellyfish-lamp-jellyfish-decorations-smart-table-lamp-for-bedside-desk","","","","","","review-772170df-0ea4-4fcc-9b82-09bc1c15db1f"
"","Of 10. As seen in description and photos... I will ask for more why my friends want her too!!!","5","2025-01-19 00:00:00 UTC","aliexpress","ok","Jay Parisian","support+anonymous@judge.me","7886192803909","jellyfish-mood-lamp-led-jellyfish-night-light-portable-jellyfish-lamp-jellyfish-decorations-smart-table-lamp-for-bedside-desk","","","https://ae01.alicdn.com/kf/A6153f1c1a5e345ddaf8cc33d7d7fc6d7v.jpg","","","review-0bbcca99-1078-40d2-a754-e4214319027d"
"","Not a single penny spent is a waste!! Very cool lamp, many modes, holds a charge for a long time, I really like it.","5","2025-05-11 00:00:00 UTC","aliexpress","ok","Sharleen Casper","support+anonymous@judge.me","7886192803909","jellyfish-mood-lamp-led-jellyfish-night-light-portable-jellyfish-lamp-jellyfish-decorations-smart-table-lamp-for-bedside-desk","","","https://ae01.alicdn.com/kf/A00478f482b564f859ca31fdd28483378J.jpg","","","review-eb50d0c1-f826-43ac-9bb5-3efd7cc7229a"
"","The box arrived a little crushed but the lamp is intact, it is a gift for my daughter and I think she will love it, it is very beautiful","5","2024-12-20 00:00:00 UTC","aliexpress","ok","Lucille Predovic","support+anonymous@judge.me","7886192803909","jellyfish-mood-lamp-led-jellyfish-night-light-portable-jellyfish-lamp-jellyfish-decorations-smart-table-lamp-for-bedside-desk","","","","","","review-c30078ec-7145-401a-be17-cec6e811021b"
"","Happy to get this üòçüòçü•∞ü•∞ü•∞ü•∞ü•∞ü•∞ü•∞ü•∞ü•∞ü•∞ü•∞ü•∞ü•∞ü•∞ü•∞ü•∞ü•∞ü•∞ü•∞ü•∞ü•∞ü•∞ü•∞ü•∞ü•∞ü•∞ü•∞ü•∞ü•∞ü•∞ü•∞ü•∞ü•∞ü•∞ü•∞ü•∞ü•∞ü•∞ü•∞ü•∞ü•∞ü•∞ü•∞ü•∞ü•∞","5","2025-01-29 00:00:00 UTC","aliexpress","ok","Larry Carroll","support+anonymous@judge.me","7886192803909","jellyfish-mood-lamp-led-jellyfish-night-light-portable-jellyfish-lamp-jellyfish-decorations-smart-table-lamp-for-bedside-desk","","","","","","review-1b7227db-a2f5-468a-877e-b429765ffc22"
"","pretty good","5","2025-03-13 00:00:00 UTC","aliexpress","ok","Normand Fahey","support+anonymous@judge.me","7886192803909","jellyfish-mood-lamp-led-jellyfish-night-light-portable-jellyfish-lamp-jellyfish-decorations-smart-table-lamp-for-bedside-desk","","","https://ae01.alicdn.com/kf/Ad08734e6945c43e9b0449a8a60ee7df5n.jpg","","","review-1370a3c5-34c3-4631-a101-ab66ab5f69b2"
"","This is my 5th purchase of this touch lite. I obviously love them. They get a lot of use too.","5","2025-12-09 00:00:00 UTC","aliexpress","ok","Annika Champlin","support+anonymous@judge.me","7886146633797","nordic-crystal‚Ñ¢-atmosphere-lamp","","","https://ae01.alicdn.com/kf/Ab415bd8a3e5f47b8aa0c4d78cbebd52bN.jpg, https://ae01.alicdn.com/kf/Ae4c94d83ffe2449d8f735d6d772d0989P.jpg, https://ae01.alicdn.com/kf/A5fb96a92812545eea6458084f444c9e8e.jpg, https://ae01.alicdn.com/kf/A1e6cfcf88ac546f6a087b5d76edadeb5f.jpg, https://ae01.alicdn.com/kf/A996a72d09f0a469aa49f5d3925b96b606.jpg","","","review-09d26dfb-dd43-4141-9e53-76ef94ffe0cb"
"","The item arrived at my house in a timely manner just fine.","5","2025-10-12 00:00:00 UTC","aliexpress","ok","Helena Zemlak","support+anonymous@judge.me","7886146633797","nordic-crystal‚Ñ¢-atmosphere-lamp","","","","","","review-e8710424-ffb8-4fc5-828e-d6e7c67bdc55"
"","This is a cool cordless chargeable lamp. I'm using it for my swavarski collection.","5","2025-12-02 00:00:00 UTC","aliexpress","ok","Waltraud Friesen","support+anonymous@judge.me","7886146633797","nordic-crystal‚Ñ¢-atmosphere-lamp","","","https://ae01.alicdn.com/kf/A49dafffbd80f4221884e304a586a0a01O.jpg","","","review-a2cc82c1-e229-4b43-afcb-feff2abd7022"
"","So far so good. The quality seems to be good also. I‚Äôm update when i have used it more. Fingers crossed it works good.","5","2025-12-12 00:00:00 UTC","aliexpress","ok","Eduardo Murray","support+anonymous@judge.me","7886146633797","nordic-crystal‚Ñ¢-atmosphere-lamp","","","https://ae01.alicdn.com/kf/A8272dee24cde4875bb90c464884e07657.jpg","","","review-bf4b6dec-6215-40fe-bc61-52407db8b021"
"","Great, a little smaller than I expected but everything works and arrived very quickly. Before this, my wife ordered twice the size. I didn't look at the exact description. Be careful!","5","2025-10-10 00:00:00 UTC","aliexpress","ok","Norbert Greenholt","support+anonymous@judge.me","7886146633797","nordic-crystal‚Ñ¢-atmosphere-lamp","","","https://ae01.alicdn.com/kf/A2424defed323429bbbabac5e0360713ah.jpg, https://ae01.alicdn.com/kf/Ad23ff18863fc4f78a6508ccd0f76d16dE.jpg","","","review-6ea6752b-8f92-4af7-a79c-e353a7327847"
"","very practical and good lighting","4","2025-11-20 00:00:00 UTC","aliexpress","ok","Lura Bartell","support+anonymous@judge.me","7886146633797","nordic-crystal‚Ñ¢-atmosphere-lamp","","","","","","review-047e4a28-71ff-4bb7-94a2-8acff3400ad1"
"","Good (;","5","2025-10-24 00:00:00 UTC","aliexpress","ok","Eleni Cassin","support+anonymous@judge.me","7886146633797","nordic-crystal‚Ñ¢-atmosphere-lamp","","","https://ae01.alicdn.com/kf/Ab7209ff3ccdd40ea9516177388337e67M.jpg, https://ae01.alicdn.com/kf/A568b64aa57e24fa29818278a00e8016bM.jpg","","","review-51908a95-eb3b-4e3b-b933-5dca89c2cf01"
"","Very pretty, in good condition, I love it 10/10","5","2025-11-27 00:00:00 UTC","aliexpress","ok","Annabell Franecki","support+anonymous@judge.me","7886146633797","nordic-crystal‚Ñ¢-atmosphere-lamp","","","","","","review-80809c88-e3a6-4e79-92fd-83b2255b01e5"
"","The lamp is excellent. It arrived charged and with a battery in the remote control. Very satisfied!","5","2025-10-24 00:00:00 UTC","aliexpress","ok","Teodora Rosenbaum","support+anonymous@judge.me","7886146633797","nordic-crystal‚Ñ¢-atmosphere-lamp","","","https://ae01.alicdn.com/kf/Af59d8b144c984d8e80d8fa288b7186a76.jpg, https://ae01.alicdn.com/kf/A29b7f0c058814232b21f0103b6fc6528K.jpg","","","review-910279fd-8ffb-4aae-bd0e-55d77a83712c"
"","The lamp is like in the photo. Everything works. I am satisfied. The product arrived quickly. Thank you.","5","2025-10-28 00:00:00 UTC","aliexpress","ok","Jestine Braun","support+anonymous@judge.me","7886146633797","nordic-crystal‚Ñ¢-atmosphere-lamp","","","https://ae01.alicdn.com/kf/A5a5c380936c84035b229b367c8373aecN.jpg","","","review-cc1862ba-6877-4ac7-a7a1-702cbc2c77aa"
"","Received the package quickly, the product matches the description. I recommend the seller.","5","2025-09-02 00:00:00 UTC","aliexpress","ok","Lashaun Kozey","support+anonymous@judge.me","7886146633797","nordic-crystal‚Ñ¢-atmosphere-lamp","","","","","","review-430ee608-8572-4c78-858a-70381d396015"
"","good product.","5","2025-12-08 00:00:00 UTC","aliexpress","ok","Brinda Monahan","support+anonymous@judge.me","7886146633797","nordic-crystal‚Ñ¢-atmosphere-lamp","","","","","","review-49ff04b9-f1ff-4444-8fe0-7084db8a97f0"
"","Good product","5","2025-11-26 00:00:00 UTC","aliexpress","ok","Ivory Rice","support+anonymous@judge.me","7886146633797","nordic-crystal‚Ñ¢-atmosphere-lamp","","","","","","review-eb46195b-5528-4eb1-8437-059ed0ee21c7"
"","Nice","5","2025-11-28 00:00:00 UTC","aliexpress","ok","Dulce Nitzsche","support+anonymous@judge.me","7886146633797","nordic-crystal‚Ñ¢-atmosphere-lamp","","","","","","review-809e8b8a-9620-4516-8be5-1787e175c402"
"","null","1","2025-11-06 00:00:00 UTC","aliexpress","ok","Eric O'Connell","support+anonymous@judge.me","7886146633797","nordic-crystal‚Ñ¢-atmosphere-lamp","","","","","","review-a6824602-6688-47ed-8905-ec6cc8bcbb42"
"","It works. The raining feature work perfect. No spilling or anything.  
 For the price it is fun.","5","2025-02-19 00:00:00 UTC","aliexpress","ok","Ladawn Murray","support+anonymous@judge.me","7887018655813","raining-cloud-humidifier-relaxing-rain-sounds-night-light","","","","","","review-9df1428e-9d9d-45d7-9890-75023dfd4523"
"","I have received this thing. I love it eventhough it's not similar with what the seller put in advertaisement. But still okay","5","2025-06-30 00:00:00 UTC","aliexpress","ok","Fiona Schuster","support+anonymous@judge.me","7887018655813","raining-cloud-humidifier-relaxing-rain-sounds-night-light","","","","","","review-bb2225d5-7a49-4671-86e7-020005422fe5"
"","You can either choose to have it change color, or set it to the color orange. You can‚Äôt choose any color to stay.","5","2024-12-31 00:00:00 UTC","aliexpress","ok","Myrna Weissnat","support+anonymous@judge.me","7887018655813","raining-cloud-humidifier-relaxing-rain-sounds-night-light","","","","","","review-9c9538c7-89cd-4c56-82dc-e4d7c0b17a88"
"","It is very neat and delivered super quickly before the expected one","5","2025-03-12 00:00:00 UTC","aliexpress","ok","Ellsworth Kassulke","support+anonymous@judge.me","7887018655813","raining-cloud-humidifier-relaxing-rain-sounds-night-light","","","https://ae01.alicdn.com/kf/Aadfa6df3601642deb4f2a1d1cd9c8490k.jpg","","","review-5f9546eb-35eb-441d-a1e3-9a5454bdd717"
"","All right, as announced.","5","2025-01-07 00:00:00 UTC","aliexpress","ok","Faustino Trantow","support+anonymous@judge.me","7887018655813","raining-cloud-humidifier-relaxing-rain-sounds-night-light","","","","","","review-8fca8eb3-59e8-44ac-9c94-2731ae86bdf1"
"","legal","5","2025-01-23 00:00:00 UTC","aliexpress","ok","Edison Lebsack","support+anonymous@judge.me","7887018655813","raining-cloud-humidifier-relaxing-rain-sounds-night-light","","","","","","review-6707817e-fbd1-4358-ac5e-878c5c3fdea1"
"","I bought it to give a gift to my girlfriend, it turns out to be working and is very relaxing. 
 with the essential oil that you want to put on emana all the perfume. 
 arrived in 1 week.","5","2025-04-05 00:00:00 UTC","aliexpress","ok","Gail Quitzon","support+anonymous@judge.me","7887018655813","raining-cloud-humidifier-relaxing-rain-sounds-night-light","","","https://ae01.alicdn.com/kf/A628cc472921f44a5859ecfe93ea2981fB.jpg, https://ae01.alicdn.com/kf/Ad0d8b48f2c174d4ca408dc8df7210daai.jpg, https://ae01.alicdn.com/kf/A341bcf1d347b4767ab17bbeca2111e17x.jpg, https://ae01.alicdn.com/kf/Ab78917c56b1743119e1b27f6accbf7a04.jpg","","","review-dbdf1d6c-f7de-4228-835b-7d50cee40f91"
"","Bud","5","2025-03-22 00:00:00 UTC","aliexpress","ok","Shane Luettgen","support+anonymous@judge.me","7887018655813","raining-cloud-humidifier-relaxing-rain-sounds-night-light","","","","","","review-fd1d0e65-5e94-4017-bfd4-61c43163ffe5"
"","The diffuser itself is high quality and pleasant and highly recommended!! Arrived quickly, well packed. The problem is that there is a misleading in the advertisement and it *no* makes noises of rain, just demonstrates drops.. really sucks :/","3","2025-04-06 00:00:00 UTC","aliexpress","ok","Theodore Breitenberg","support+anonymous@judge.me","7887018655813","raining-cloud-humidifier-relaxing-rain-sounds-night-light","","","","","","review-0c248d67-8974-428c-ad95-a56e6b121327"
"","Received earlier than expected. The box arrived a little bent. The humidifier works well. It makes a little noise, but it's not annoying. I recommend it.","4","2025-04-14 00:00:00 UTC","aliexpress","ok","Deb Kuhn","support+anonymous@judge.me","7887018655813","raining-cloud-humidifier-relaxing-rain-sounds-night-light","","","https://ae01.alicdn.com/kf/A50eb1cb5daf44cfd8f5ef7dcd4ff27d8B.jpg, https://ae01.alicdn.com/kf/Af7bcfa973e0c4b01839bbd964a607780f.jpg","","","review-b1dd515a-26e4-4ca7-95f8-3c77477429c3"
"","Just as it is shown. Really good, everything functionnal, easy to setup and use. Just the noise it makes is not the most attractive, and the raindrops falling could make a better rain sound for sleep, but it's ok.","4","2025-05-21 00:00:00 UTC","aliexpress","ok","Darren Smith","support+anonymous@judge.me","7887018655813","raining-cloud-humidifier-relaxing-rain-sounds-night-light","","","https://ae01.alicdn.com/kf/A52b40942b75544a59ec137b11aa25b9fl.jpg, https://ae01.alicdn.com/kf/A43efb44cc0a348e2a4c5e017202c0d29C.jpg","","","review-c4b40e36-4bf6-4fce-b794-1ae2e697e213"
"","It s good for the price","4","2025-04-22 00:00:00 UTC","aliexpress","ok","Dia Willms","support+anonymous@judge.me","7887018655813","raining-cloud-humidifier-relaxing-rain-sounds-night-light","","","","","","review-13f2317c-74b4-4c52-9e94-adc8f562f055"
"","Dont work every pipe","5","2025-04-23 00:00:00 UTC","aliexpress","ok","Luther Gleichner","support+anonymous@judge.me","7887018655813","raining-cloud-humidifier-relaxing-rain-sounds-night-light","","","","","","review-64948776-747b-41dc-a420-5457e21680c3"
"","I bought the product, but it turned out to be defective, unfortunately it does not work","1","2025-04-13 00:00:00 UTC","aliexpress","ok","Reinaldo Koepp","support+anonymous@judge.me","7887018655813","raining-cloud-humidifier-relaxing-rain-sounds-night-light","","","","","","review-d8f5b842-3f1b-47f4-b2e2-c11715923810"
"","Hello, I did not receive the correct plug.","2","2025-12-06 00:00:00 UTC","aliexpress","ok","Alaine Windler","support+anonymous@judge.me","7887018655813","raining-cloud-humidifier-relaxing-rain-sounds-night-light","","","","","","review-29770373-8a90-4bc4-aa7d-1634c557dba6"
"","Looks great and works well! I love this product, its so fun! Makes a great smell and the colors are nice. Very relaxing.","5","2025-06-13 00:00:00 UTC","aliexpress","ok","Dallas Bins","support+anonymous@judge.me","7887018655813","raining-cloud-humidifier-relaxing-rain-sounds-night-light","","","","","","review-ee9e170c-10c2-4c1a-83a6-b1dbfe5130b3"
"","Excellent. Simple, practical, and beautiful!","5","2025-10-10 00:00:00 UTC","aliexpress","ok","Annika Walter","support+anonymous@judge.me","7887018655813","raining-cloud-humidifier-relaxing-rain-sounds-night-light","","","","","","review-8c5b7d1f-36a4-45ba-92b9-6d4019646069"
"","Very cool, rain sounds are barely audible since the humidifier itself is louder","4","2025-06-25 00:00:00 UTC","aliexpress","ok","Mireya Torp","support+anonymous@judge.me","7887018655813","raining-cloud-humidifier-relaxing-rain-sounds-night-light","","","","","","review-93669c1e-0647-4231-afcd-9f96ea4cc1de"
"","excellent product","5","2025-07-16 00:00:00 UTC","aliexpress","ok","Jackqueline Johnson","support+anonymous@judge.me","7888046129221","smarttouch‚Ñ¢-automatic-foam-dispenser-usb-rechargeable","","","","","","review-6a9f67ef-f7b8-4f02-8414-bebee23e0b54"
"","I received my order and was very satisfied","5","2025-04-24 00:00:00 UTC","aliexpress","ok","Jame Ziemann","support+anonymous@judge.me","7888046129221","smarttouch‚Ñ¢-automatic-foam-dispenser-usb-rechargeable","","","","","","review-ec392b44-22d7-4a1a-80bb-a1b230843ba1"
"","Everything is super!","5","2024-12-26 00:00:00 UTC","aliexpress","ok","Bertram Hermiston","support+anonymous@judge.me","7888046129221","smarttouch‚Ñ¢-automatic-foam-dispenser-usb-rechargeable","","","","","","review-d41b8020-75b6-4489-b637-d2fb5180e795"
"","Not only does it have a high level of appearance, but it's also very user-friendly. Highly recommended","5","2025-05-19 00:00:00 UTC","aliexpress","ok","Keely Marvin","support+anonymous@judge.me","7888046129221","smarttouch‚Ñ¢-automatic-foam-dispenser-usb-rechargeable","","","https://ae01.alicdn.com/kf/A9927815913ed41cd83e77171356e4f15A.png","","","review-0b4e76ab-18ce-465e-9370-b09a15ea02e0"
"","Spectacular is the best buy","5","2024-12-30 00:00:00 UTC","aliexpress","ok","Raul Mertz","support+anonymous@judge.me","7888046129221","smarttouch‚Ñ¢-automatic-foam-dispenser-usb-rechargeable","","","","","","review-f0616bd2-b485-42de-aed2-610f43103bf6"
"","super good new already marking the time","5","2025-11-27 00:00:00 UTC","aliexpress","ok","Rickie Keeling","support+anonymous@judge.me","7888046129221","smarttouch‚Ñ¢-automatic-foam-dispenser-usb-rechargeable","","","","","","review-760cd09e-c477-4e5e-8d49-50751452c63b"
"","Good product, I recommend purchasing. It works as intended, worth buying.","5","2025-09-18 00:00:00 UTC","aliexpress","ok","Joslyn O'Reilly","support+anonymous@judge.me","7888046129221","smarttouch‚Ñ¢-automatic-foam-dispenser-usb-rechargeable","","","https://ae01.alicdn.com/kf/A8bbe394551a7457dbf0d07178bc51fd3E.jpg","","","review-94a35c8d-4ba7-429f-8bf8-2da7cb01edd6"
"","Fast delivery, everything is fine, gladly again. :-)","5","2025-06-03 00:00:00 UTC","aliexpress","ok","Sung Watsica","support+anonymous@judge.me","7888046129221","smarttouch‚Ñ¢-automatic-foam-dispenser-usb-rechargeable","","","","","","review-1090153c-ea45-4c42-a987-58b48de63226"
"","good product... good quality... happy with the purchase... already bought a second one... one charge lasts 2-3 weeks, maybe more.","5","2025-05-30 00:00:00 UTC","aliexpress","ok","Thomas Hackett","support+anonymous@judge.me","7888046129221","smarttouch‚Ñ¢-automatic-foam-dispenser-usb-rechargeable","","","https://ae01.alicdn.com/kf/A74ee1d6e4d274c178887b3eb690400352.jpg, https://ae01.alicdn.com/kf/A5bdca296273846b387a24d6f30d06941N.jpg","","","review-a4c88a91-b84b-4bd6-8bab-e275b0fb67d5"
"","Arrived well but with a delay (6 days compared to the expected date). The product looks quite decent. . Not tried yet. Notice only in Chinese and English. Fortunately, there are translators. That's why I'm giving it only 4 stars.","4","2025-07-30 00:00:00 UTC","aliexpress","ok","Debora Jacobi","support+anonymous@judge.me","7888046129221","smarttouch‚Ñ¢-automatic-foam-dispenser-usb-rechargeable","","","https://ae01.alicdn.com/kf/A66241eb418be45f1b30918d3442bbc05I.jpg, https://ae01.alicdn.com/kf/A6d54e009d4ee4ac78941a63dcd45e66f3.jpg","","","review-d3a8f716-9bb7-4ff1-8be0-bef4a9cb8cfb"
"","Perfect.","5","2025-10-06 00:00:00 UTC","aliexpress","ok","Johnie Bartell","support+anonymous@judge.me","7888046129221","smarttouch‚Ñ¢-automatic-foam-dispenser-usb-rechargeable","","","","","","review-d3c9cac2-844a-4962-8298-6c9fecd5b088"
"","It works, everything as described, perfect gadget for a small bathroom.","5","2025-09-03 00:00:00 UTC","aliexpress","ok","Rosa Walter","support+anonymous@judge.me","7888046129221","smarttouch‚Ñ¢-automatic-foam-dispenser-usb-rechargeable","","","https://ae01.alicdn.com/kf/A0b2f51f1ad0040f3a541b7d796c3bc1a8.jpg","","","review-118aa584-f072-4125-9e2c-c496c78b4c56"
"","Touch-free design reduces germ spread, foam volume is adjustable, saves soap. Easy to install, sleek lookinstantly upgrades any bathroom!","5","2025-05-23 00:00:00 UTC","aliexpress","ok","Adolph Hackett","support+anonymous@judge.me","7888046129221","smarttouch‚Ñ¢-automatic-foam-dispenser-usb-rechargeable","","","","","","review-c35f1424-5292-4333-a638-866da9e0afec"
"","This is a particularly practical treasure product. The price is right and the cost performance is extremely high. The appearance is very impressive. The most important thing is that it's very user-friendly. I'm very satisfied. It's great","5","2025-05-19 00:00:00 UTC","aliexpress","ok","Hunter Prosacco","support+anonymous@judge.me","7888046129221","smarttouch‚Ñ¢-automatic-foam-dispenser-usb-rechargeable","","","","","","review-efe9bd4b-852e-4aae-844a-0a425e2217b2"
"","It's great. I was afraid of getting dirty after using it for a while, but when i contacted the seller, i found out that it could clean itself. It's simply amazing","5","2025-05-19 00:00:00 UTC","aliexpress","ok","Garth Treutel","support+anonymous@judge.me","7888046129221","smarttouch‚Ñ¢-automatic-foam-dispenser-usb-rechargeable","","","https://ae01.alicdn.com/kf/A190ee0bad40a465da83f6a88420c65035.png","","","review-f4260a93-ed96-4544-9210-e192ceb1ccac"
"","The soft drink is cold, very cold. The soft drink is extremely cold. It's so cold that it's freezing. It says -2 degrees, but it really feels like -2 degrees. 
 It's cooler than when buying drinks. 
 Does it fit small cans and large cans of drinks? 
 
 The downside is that the buttons don't press easily. 
 Does it feel like pressing when you press it with your fingernail because it's a panel? 
 Performance is good 
 
 It seems like it can be used for hot things too, but I haven't tried it yet so I'm not sure.","5","2025-08-27 00:00:00 UTC","aliexpress","ok","Kristofer Moore","support+anonymous@judge.me","7888060416069","smarttemp‚Ñ¢-2-in-1-car-cup-warmer-cooler-led-display","","","","","","review-26b95764-6b7b-4295-941e-2afa45401f56"
"","Ok !","5","2025-02-11 00:00:00 UTC","aliexpress","ok","Bud Quitzon","support+anonymous@judge.me","7888060416069","smarttemp‚Ñ¢-2-in-1-car-cup-warmer-cooler-led-display","","","","","","review-ad60f797-e6e2-4a9b-b5b6-ddd1975d34cf"
"","Good product","5","2025-07-31 00:00:00 UTC","aliexpress","ok","Alonso Wolff","support+anonymous@judge.me","7888060416069","smarttemp‚Ñ¢-2-in-1-car-cup-warmer-cooler-led-display","","","","","","review-613a4583-0cf2-4610-809a-56340e7e683e"
"","The product is worthless, it never cools, it's a waste of your money, disappointing. I initiated a return process and recorded videos as proof that it doesn't cool, but Aliexpress stood by the seller and was unfair. They made me look like a liar. The product that came with the seller's advertisement is the same but has no function. This is where I've been buying products for years, I will never buy from Aliexpress again. Temu is customer-focused, they can't even come close to it. Goodbye Aliexpress, you make your sellers happy! !","1","2025-06-26 00:00:00 UTC","aliexpress","ok","Frederic Goodwin","support+anonymous@judge.me","7888060416069","smarttemp‚Ñ¢-2-in-1-car-cup-warmer-cooler-led-display","","","","","","review-228844aa-fe7f-4a65-a925-5c4c25b62fab"
"","It works well but i wish it would get hotter to keep drinks warmer. Drinks stay warm but not hot. Somehow cold drinks seem to stay cold though.","4","2025-10-05 00:00:00 UTC","aliexpress","ok","Lucy Welch","support+anonymous@judge.me","7888060416069","smarttemp‚Ñ¢-2-in-1-car-cup-warmer-cooler-led-display","","","","","","review-6920490d-3de9-46b6-b244-91f721e04e60"
"","I recommend it; both hot and cold work well. 
 
 First of all, recommended. It's still working well. If it breaks down within 7 days, it will be returned.","4","2025-07-05 00:00:00 UTC","aliexpress","ok","Jermaine McCullough","support+anonymous@judge.me","7888060416069","smarttemp‚Ñ¢-2-in-1-car-cup-warmer-cooler-led-display","","","","","","review-75040a54-4164-4c87-a315-939e3898bc58"
"","The size is large.","5","2025-07-29 00:00:00 UTC","aliexpress","ok","Nicola Reilly","support+anonymous@judge.me","7888060416069","smarttemp‚Ñ¢-2-in-1-car-cup-warmer-cooler-led-display","","","","","","review-ebc3b8a1-d013-4dff-86a1-07f62a6b31c1"
"","Look ok, quality.....i didn't try the device.","5","2025-07-26 00:00:00 UTC","aliexpress","ok","Karol Walker","support+anonymous@judge.me","7888060416069","smarttemp‚Ñ¢-2-in-1-car-cup-warmer-cooler-led-display","","","","","","review-42e8d88a-4687-447e-b784-ee0f6ea25342"
"","Interesting thing. The glass is really well made. Plastic casting is good. All parts are fitted without burrs and burrs. Heavy. The Peltier element consumes 2.5A at 13V in cooling mode. Indicator for beauty. Really cools the bottom of the glass to 4.7‚Å∞. It's very convenient to cool the bottle or heat the glass on the road. I bought it for a specific purpose - to cool beer in metal cans outdoors using a solar panel. üòâ .","5","2025-06-01 00:00:00 UTC","aliexpress","ok","Jaime Carroll","support+anonymous@judge.me","7888060416069","smarttemp‚Ñ¢-2-in-1-car-cup-warmer-cooler-led-display","","","https://ae01.alicdn.com/kf/A3fbc172f045c4625aa2e7100a5a37220T.jpg, https://ae01.alicdn.com/kf/A629397e06f8e4ec2ad4d124247a5778at.jpg, https://ae01.alicdn.com/kf/A0c2ac575b0cc40b5aae7e1300e8619987.jpg","","","review-2972a6af-3754-4056-bf0a-8195ab14feec"
"","Everything perfect. Excellent item. With this heat, it keeps bottles cool at 4-5 degrees Celsius and that's great. To purchase","5","2025-07-07 00:00:00 UTC","aliexpress","ok","Rebecka Rempel","support+anonymous@judge.me","7888060416069","smarttemp‚Ñ¢-2-in-1-car-cup-warmer-cooler-led-display","","","","","","review-a8bffd4e-2953-4c45-925a-b65e921ee852"
"","The truth is that I bought it by mistake; I didn't need one that connects to the car, but who does? So the cup is very high quality.","5","2025-11-19 00:00:00 UTC","aliexpress","ok","Herman Cummings","support+anonymous@judge.me","7888060416069","smarttemp‚Ñ¢-2-in-1-car-cup-warmer-cooler-led-display","","","","","","review-7bce58dd-7f4b-4861-ba7b-7587baa16286"
"","Ok","5","2025-06-03 00:00:00 UTC","aliexpress","ok","Weston Hills","support+anonymous@judge.me","7888060416069","smarttemp‚Ñ¢-2-in-1-car-cup-warmer-cooler-led-display","","","","","","review-2971d15f-7c9d-47b6-a141-4e3a60d52c4c"
"","Very good, refreshing, no regrets.","5","2025-07-31 00:00:00 UTC","aliexpress","ok","Coletta Gibson","support+anonymous@judge.me","7888060416069","smarttemp‚Ñ¢-2-in-1-car-cup-warmer-cooler-led-display","","","","","","review-88350795-1f3c-4624-b0d8-7774d2e6337a"
"","Did not work properly, not cooling. The heating was fine but there is no cooling.","1","2025-11-20 00:00:00 UTC","aliexpress","ok","Kayleen Reinger","support+anonymous@judge.me","7888060416069","smarttemp‚Ñ¢-2-in-1-car-cup-warmer-cooler-led-display","","","","","","review-46b7a6d9-024a-4370-957b-5f886ff4744a"
"","Beautiful","5","2025-08-13 00:00:00 UTC","aliexpress","ok","Joaquina Hegmann","support+anonymous@judge.me","7888060416069","smarttemp‚Ñ¢-2-in-1-car-cup-warmer-cooler-led-display","","","","","","review-8cc02e22-02da-4ea2-8dd5-d4e5a9296ce7"
"","I recommend it.","5","2025-07-23 00:00:00 UTC","aliexpress","ok","Rudolf Fay","support+anonymous@judge.me","7888060416069","smarttemp‚Ñ¢-2-in-1-car-cup-warmer-cooler-led-display","","","","","","review-9bf7dde0-5fe9-4572-be1c-085e29fec85b"
"","Arrived well packed but please note in the photo does not show clearly but color is bright pink","4","2025-08-23 00:00:00 UTC","aliexpress","ok","Jeanmarie Reinger","support+anonymous@judge.me","7888060416069","smarttemp‚Ñ¢-2-in-1-car-cup-warmer-cooler-led-display","","","","","","review-bec46e73-0f75-4b41-adf5-b2fd34604941"
"","tried it yesterday. It both heats and cools. The quality of the material is good. One question is how long it will work. I'm satisfied at the moment. Although I doubted for a long time whether to buy it or not.","5","2025-06-22 00:00:00 UTC","aliexpress","ok","Clifton Runolfsson","support+anonymous@judge.me","7888060416069","smarttemp‚Ñ¢-2-in-1-car-cup-warmer-cooler-led-display","","","https://ae01.alicdn.com/kf/Af68253aeaf2940bfb301693f6cf1ad8er.jpg, https://ae01.alicdn.com/kf/A9fee91ceb09e44169af15244eb6f156cU.jpg, https://ae01.alicdn.com/kf/A74391e9c9612437c9ca683b93103977en.jpg","","","review-274c9ee1-e9ec-413b-a5bd-2012d8c3b51e"
